[
    {
        "image":"first-class.jpg",
        "type": "First Class Room",
        "description": "<p>First Class: Cras dui sapien, feugiat vitae tristique ut, lobortis tempor orci. Donec pulvinar sagittis metus ut tristique. Pellentes que habitant morbi tristique senectus et netus et malesuada fames ac turpis egestas idios.</p>",
        "dailyRate": 220
    },
    {
        "image":"deluxe.jpg",
        "type": "Deluxe Room",
        "description": "<p>Deluxe: Sed et augue lorem. In sit amet placerat arcu. Mauris volutpat ipsum ac justo mollis vel vestibulum orci gravida. Vestibulum sit amet porttitor odio. Nulla facilisi. Fusce at pretium felis.</p>",
        "dailyRate": 150
    },
    {
        "image":"suite.jpg",
        "type": "Suite Room",
        "description": "<p>Suite: Cras dui sapien, feugiat vitae tristique ut, lobortis tempor orci. Donec pulvinar sagittis metus ut tristique. Pellentes que habitant morbi tristique senectus et netus et malesuada fames ac turpis egestas idios.</p>",
        "dailyRate": 180
    }
]